Model,Mean Squared Error,R2 Score
Gradient Boosting,24308403.059009656,0.9526341745585649
Random Forest,18657265.70136617,0.9636456254127379
XGBoost,10780618.724561617,0.9790863394737244
LightGBM,9971453.564970737,0.9806867035779939
CatBoost,14127234.713553088,0.9724725589012181
